frame,phase,x,z,stepDistance
0,ToSeat,-0.015517,-9.027986,0.032000
1,ToSeat,-0.031035,-9.055971,0.032000
2,ToSeat,-0.046552,-9.083957,0.032000
3,ToSeat,-0.062069,-9.111942,0.032000
4,ToSeat,-0.077587,-9.139928,0.032000
5,ToSeat,-0.093104,-9.167913,0.032000
6,ToSeat,-0.108621,-9.195899,0.032000
7,ToSeat,-0.124139,-9.223885,0.032000
8,ToSeat,-0.139656,-9.251870,0.032000
9,ToSeat,-0.155173,-9.279857,0.032000
10,ToSeat,-0.170592,-9.307895,0.031998
11,ToSeat,-0.184545,-9.336670,0.031979
12,ToSeat,-0.194821,-9.366915,0.031943
13,ToSeat,-0.198806,-9.398503,0.031839
14,ToSeat,-0.190222,-9.428991,0.031673
15,ToSeat,-0.167178,-9.450797,0.031726
16,ToSeat,-0.137329,-9.461995,0.031880
17,ToSeat,-0.105835,-9.467348,0.031946
18,ToSeat,-0.073884,-9.468813,0.031984
19,ToSeat,-0.041885,-9.468716,0.031999
20,ToSeat,-0.009885,-9.468564,0.032000
21,ToSeat,0.022114,-9.468412,0.032000
22,ToSeat,0.054114,-9.468261,0.032000
23,ToSeat,0.086114,-9.468109,0.032000
24,ToSeat,0.118113,-9.467957,0.032000
25,ToSeat,0.150113,-9.467806,0.032000
26,ToSeat,0.182112,-9.467654,0.032000
27,ToSeat,0.214112,-9.467503,0.032000
28,ToSeat,0.246112,-9.467351,0.032000
29,ToSeat,0.278111,-9.467199,0.032000
30,ToSeat,0.310111,-9.467048,0.032000
31,ToSeat,0.342111,-9.466896,0.032000
32,ToSeat,0.374110,-9.466744,0.032000
33,ToSeat,0.406110,-9.466593,0.032000
34,ToSeat,0.438110,-9.466441,0.032000
35,ToSeat,0.470109,-9.466290,0.032000
36,ToSeat,0.502109,-9.466138,0.032000
37,ToSeat,0.534109,-9.465986,0.032000
38,ToSeat,0.566108,-9.465835,0.032000
39,ToSeat,0.598108,-9.465683,0.032000
40,ToSeat,0.630108,-9.465531,0.032000
41,ToSeat,0.662107,-9.465380,0.032000
42,ToSeat,0.694107,-9.465228,0.032000
43,ToSeat,0.726106,-9.465076,0.032000
44,ToSeat,0.758106,-9.464925,0.032000
45,ToSeat,0.790106,-9.464773,0.032000
46,ToSeat,0.822105,-9.464622,0.032000
47,ToSeat,0.854105,-9.464470,0.032000
48,ToSeat,0.886105,-9.464318,0.032000
49,ToSeat,0.918104,-9.464167,0.032000
50,ToSeat,0.950104,-9.464015,0.032000
51,ToSeat,0.982104,-9.463863,0.032000
52,ToSeat,1.014103,-9.463712,0.032000
53,ToSeat,1.046103,-9.463560,0.032000
54,ToSeat,1.078102,-9.463408,0.032000
55,ToSeat,1.110102,-9.463257,0.032000
56,ToSeat,1.142102,-9.463105,0.032000
57,ToSeat,1.174101,-9.462954,0.032000
58,ToSeat,1.206101,-9.462802,0.032000
59,ToSeat,1.238100,-9.462650,0.032000
60,ToSeat,1.270100,-9.462499,0.032000
61,ToSeat,1.302099,-9.462347,0.032000
62,ToSeat,1.334099,-9.462195,0.032000
63,ToSeat,1.366099,-9.462044,0.032000
64,ToSeat,1.398098,-9.461892,0.032000
65,ToSeat,1.430098,-9.461740,0.032000
66,ToSeat,1.462097,-9.461589,0.032000
67,ToSeat,1.494097,-9.461437,0.032000
68,ToSeat,1.526097,-9.461286,0.032000
69,ToSeat,1.558096,-9.461134,0.032000
70,ToSeat,1.590096,-9.460982,0.032000
71,ToSeat,1.622095,-9.460831,0.032000
72,ToSeat,1.654095,-9.460679,0.032000
73,ToSeat,1.686095,-9.460527,0.032000
74,ToSeat,1.718094,-9.460376,0.032000
75,ToSeat,1.750094,-9.460224,0.032000
76,ToSeat,1.782093,-9.460073,0.032000
77,ToSeat,1.814093,-9.459921,0.032000
78,ToSeat,1.846092,-9.459769,0.032000
79,ToSeat,1.878092,-9.459618,0.032000
80,ToSeat,1.910092,-9.459466,0.032000
81,ToSeat,1.942091,-9.459314,0.032000
82,ToSeat,1.974091,-9.459163,0.032000
83,ToSeat,2.006090,-9.459011,0.032000
84,ToSeat,2.038090,-9.458859,0.032000
85,ToSeat,2.070090,-9.458708,0.032000
86,ToSeat,2.102089,-9.458556,0.032000
87,ToSeat,2.134089,-9.458405,0.032000
88,ToSeat,2.166088,-9.458253,0.032000
89,ToSeat,2.198088,-9.458101,0.032000
90,ToSeat,2.230088,-9.457950,0.032000
91,ToSeat,2.262087,-9.457798,0.032000
92,ToSeat,2.294087,-9.457646,0.032000
93,ToSeat,2.326086,-9.457495,0.032000
94,ToSeat,2.358086,-9.457343,0.032000
95,ToSeat,2.390085,-9.457191,0.032000
96,ToSeat,2.422085,-9.457040,0.032000
97,ToSeat,2.454085,-9.456888,0.032000
98,ToSeat,2.486084,-9.456737,0.032000
99,ToSeat,2.518084,-9.456585,0.032000
100,ToSeat,2.550083,-9.456433,0.032000
101,ToSeat,2.582083,-9.456282,0.032000
102,ToSeat,2.614083,-9.456130,0.032000
103,ToSeat,2.646082,-9.455978,0.032000
104,ToSeat,2.678082,-9.455827,0.032000
105,ToSeat,2.710081,-9.455675,0.032000
106,ToSeat,2.742081,-9.455523,0.032000
107,ToSeat,2.774081,-9.455372,0.032000
108,ToSeat,2.806080,-9.455220,0.032000
109,ToSeat,2.838080,-9.455069,0.032000
110,ToSeat,2.870079,-9.454917,0.032000
111,ToSeat,2.902079,-9.454765,0.032000
112,ToSeat,2.934078,-9.454614,0.032000
113,ToSeat,2.966078,-9.454462,0.032000
114,ToSeat,2.998078,-9.454310,0.032000
115,ToSeat,3.030077,-9.454159,0.032000
116,ToSeat,3.062077,-9.454007,0.032000
117,ToSeat,3.094076,-9.453856,0.032000
118,ToSeat,3.126076,-9.453704,0.032000
119,ToSeat,3.158076,-9.453552,0.032000
120,ToSeat,3.190075,-9.453401,0.032000
121,ToSeat,3.222075,-9.453249,0.032000
122,ToSeat,3.254074,-9.453097,0.032000
123,ToSeat,3.286074,-9.452946,0.032000
124,ToSeat,3.318074,-9.452794,0.032000
125,ToSeat,3.350073,-9.452642,0.032000
126,ToSeat,3.382073,-9.452491,0.032000
127,ToSeat,3.414072,-9.452339,0.032000
128,ToSeat,3.446072,-9.452188,0.032000
129,ToSeat,3.478071,-9.452036,0.032000
130,ToSeat,3.510071,-9.451884,0.032000
131,ToSeat,3.542071,-9.451733,0.032000
132,ToSeat,3.574070,-9.451581,0.032000
133,ToSeat,3.606070,-9.451429,0.032000
134,ToSeat,3.638069,-9.451278,0.032000
135,ToSeat,3.670069,-9.451126,0.032000
136,ToSeat,3.702069,-9.450974,0.032000
137,ToSeat,3.734068,-9.450823,0.032000
138,ToSeat,3.766068,-9.450671,0.032000
139,ToSeat,3.798067,-9.450520,0.032000
140,ToSeat,3.830067,-9.450368,0.032000
141,ToSeat,3.862067,-9.450216,0.032000
142,ToSeat,3.894066,-9.450065,0.032000
143,ToSeat,3.926066,-9.449913,0.032000
144,ToSeat,3.958065,-9.449761,0.032000
145,ToSeat,3.990065,-9.449610,0.032000
146,ToSeat,4.022065,-9.449458,0.032000
147,ToSeat,4.054064,-9.449306,0.032000
148,ToSeat,4.086064,-9.449155,0.032000
149,ToSeat,4.118063,-9.449003,0.032000
150,ToSeat,4.150063,-9.448852,0.032000
151,ToSeat,4.182063,-9.448700,0.032000
152,ToSeat,4.214062,-9.448548,0.032000
153,ToSeat,4.246062,-9.448397,0.032000
154,ToSeat,4.278061,-9.448245,0.032000
155,ToSeat,4.310061,-9.448092,0.032000
156,ToSeat,4.342061,-9.447941,0.032000
157,ToSeat,4.374060,-9.447788,0.032000
158,ToSeat,4.406060,-9.447637,0.032000
159,ToSeat,4.438059,-9.447484,0.032000
160,ToSeat,4.470042,-9.446695,0.031993
161,ToSeat,4.502005,-9.445157,0.032000
162,ToSeat,4.533968,-9.443619,0.032000
163,ToSeat,4.565931,-9.442081,0.032000
164,ToSeat,4.597894,-9.440543,0.032000
165,ToSeat,4.629568,-9.436037,0.031993
166,ToSeat,4.661229,-9.431391,0.032000
167,ToSeat,4.692890,-9.426744,0.032000
168,ToSeat,4.724551,-9.422097,0.032000
169,ToSeat,4.755636,-9.414646,0.031966
170,ToSeat,4.786567,-9.406442,0.032000
171,ToSeat,4.817497,-9.398238,0.032000
172,ToSeat,4.848428,-9.390034,0.032000
173,ToSeat,4.878149,-9.378231,0.031979
174,ToSeat,4.907754,-9.366086,0.032000
175,ToSeat,4.937360,-9.353941,0.032000
176,ToSeat,4.966405,-9.340669,0.031933
177,ToSeat,4.993945,-9.324373,0.032000
178,ToSeat,5.021485,-9.308078,0.032000
179,ToSeat,5.049026,-9.291782,0.032000
180,ToSeat,5.074291,-9.272248,0.031936
181,ToSeat,5.098970,-9.251878,0.032000
182,ToSeat,5.123649,-9.231507,0.032000
183,ToSeat,5.146894,-9.209659,0.031902
184,ToSeat,5.168019,-9.185622,0.032000
185,ToSeat,5.189144,-9.161586,0.032000
186,ToSeat,5.210224,-9.137516,0.031995
187,ToSeat,5.227364,-9.110494,0.032000
188,ToSeat,5.244503,-9.083471,0.032000
189,ToSeat,5.261642,-9.056449,0.032000
190,ToSeat,5.276600,-9.028255,0.031916
191,ToSeat,5.289655,-8.999039,0.032000
192,ToSeat,5.302711,-8.969823,0.032000
193,ToSeat,5.315766,-8.940607,0.032000
194,ToSeat,5.325342,-8.910100,0.031975
195,ToSeat,5.334499,-8.879438,0.032000
196,ToSeat,5.343657,-8.848777,0.032000
197,ToSeat,5.352752,-8.818100,0.031997
198,ToSeat,5.358376,-8.786598,0.032000
199,ToSeat,5.364000,-8.755096,0.032000
200,ToSeat,5.369625,-8.723595,0.032000
201,ToSeat,5.375249,-8.692093,0.032000
202,ToSeat,5.378237,-8.660252,0.031981
203,ToSeat,5.380763,-8.628351,0.032000
204,ToSeat,5.383290,-8.596451,0.032000
205,ToSeat,5.385817,-8.564550,0.032000
206,ToSeat,5.387863,-8.532622,0.031994
207,ToSeat,5.389005,-8.500643,0.032000
208,ToSeat,5.390147,-8.468663,0.032000
209,ToSeat,5.391289,-8.436684,0.032000
210,ToSeat,5.392431,-8.404704,0.032000
211,ToSeat,5.393573,-8.372725,0.032000
212,ToSeat,5.394715,-8.340745,0.032000
213,ToSeat,5.395857,-8.308765,0.032000
214,ToSeat,5.396999,-8.276786,0.032000
215,ToSeat,5.398141,-8.244806,0.032000
216,ToSeat,5.399283,-8.212827,0.032000
217,ToSeat,5.400425,-8.180847,0.032000
218,ToSeat,5.401567,-8.148868,0.032000
219,ToSeat,5.402709,-8.116888,0.032000
220,ToSeat,5.403851,-8.084908,0.032000
221,ToSeat,5.404993,-8.052929,0.032000
222,ToSeat,5.406135,-8.020949,0.032000
223,ToSeat,5.407277,-7.988970,0.032000
224,ToSeat,5.408419,-7.956990,0.032000
225,ToSeat,5.409561,-7.925011,0.032000
226,ToSeat,5.410703,-7.893031,0.032000
227,ToSeat,5.411845,-7.861052,0.032000
228,ToSeat,5.412987,-7.829072,0.032000
229,ToSeat,5.414129,-7.797092,0.032000
230,ToSeat,5.415271,-7.765113,0.032000
231,ToSeat,5.416413,-7.733133,0.032000
232,ToSeat,5.417555,-7.701154,0.032000
233,ToSeat,5.418697,-7.669174,0.032000
234,ToSeat,5.419839,-7.637195,0.032000
235,ToSeat,5.420981,-7.605215,0.032000
236,ToSeat,5.422123,-7.573236,0.032000
237,ToSeat,5.423265,-7.541256,0.032000
238,ToSeat,5.424407,-7.509276,0.032000
239,ToSeat,5.425550,-7.477297,0.032000
240,ToSeat,5.426692,-7.445317,0.032000
241,ToSeat,5.427834,-7.413338,0.032000
242,ToSeat,5.428976,-7.381358,0.032000
243,ToSeat,5.430118,-7.349379,0.032000
244,ToSeat,5.431260,-7.317399,0.032000
245,ToSeat,5.432402,-7.285419,0.032000
246,ToSeat,5.433544,-7.253440,0.032000
247,ToSeat,5.434686,-7.221460,0.032000
248,ToSeat,5.435828,-7.189481,0.032000
249,ToSeat,5.436970,-7.157501,0.032000
250,ToSeat,5.438112,-7.125522,0.032000
251,ToSeat,5.439254,-7.093542,0.032000
252,ToSeat,5.440396,-7.061563,0.032000
253,ToSeat,5.441538,-7.029583,0.032000
254,ToSeat,5.442680,-6.997603,0.032000
255,ToSeat,5.443822,-6.965624,0.032000
256,ToSeat,5.444964,-6.933644,0.032000
257,ToSeat,5.446106,-6.901665,0.032000
258,ToSeat,5.447248,-6.869685,0.032000
259,ToSeat,5.448390,-6.837706,0.032000
260,ToSeat,5.449532,-6.805726,0.032000
261,ToSeat,5.450674,-6.773746,0.032000
262,ToSeat,5.451816,-6.741767,0.032000
263,ToSeat,5.452958,-6.709787,0.032000
264,ToSeat,5.454100,-6.677808,0.032000
265,ToSeat,5.455242,-6.645828,0.032000
266,ToSeat,5.456384,-6.613849,0.032000
267,ToSeat,5.457526,-6.581869,0.032000
268,ToSeat,5.458668,-6.549890,0.032000
269,ToSeat,5.459810,-6.517910,0.032000
270,ToSeat,5.460952,-6.485930,0.032000
271,ToSeat,5.462094,-6.453951,0.032000
272,ToSeat,5.463236,-6.421971,0.032000
273,ToSeat,5.464378,-6.389992,0.032000
274,ToSeat,5.464717,-6.358000,0.031994
275,ToSeat,5.461198,-6.326238,0.031956
276,ToSeat,5.453084,-6.295331,0.031955
277,ToSeat,5.438955,-6.266679,0.031946
278,ToSeat,5.419530,-6.241365,0.031908
279,ToSeat,5.395711,-6.220082,0.031942
280,ToSeat,5.368427,-6.203431,0.031964
281,ToSeat,5.339275,-6.190298,0.031974
282,ToSeat,5.309336,-6.178999,0.032000
283,ToSeat,5.279397,-6.167701,0.032000
284,ToSeat,5.249457,-6.156403,0.032000
285,ToSeat,5.219518,-6.145104,0.032000
286,ToSeat,5.189579,-6.133806,0.032000
287,ToSeat,5.159640,-6.122508,0.032000
288,ToSeat,5.129701,-6.111209,0.032000
289,Seating,5.099966,-6.099748,0.031867
290,Seating,5.095642,-6.068042,0.032000
291,Seating,5.091319,-6.036335,0.032000
292,Seating,5.086995,-6.004629,0.032000
293,Seating,5.082672,-5.972923,0.032000
294,Seating,5.078348,-5.941216,0.032000
295,Seating,5.074025,-5.909510,0.032000
296,Seating,5.069701,-5.877804,0.032000
297,Seating,5.065378,-5.846097,0.032000
298,Seating,5.061054,-5.814391,0.032000
299,Seating,5.056731,-5.782685,0.032000
300,Seating,5.052407,-5.750978,0.032000
301,Seating,5.048084,-5.719272,0.032000
302,Seating,5.043760,-5.687566,0.032000
303,Seating,5.039437,-5.655859,0.032000
304,Seating,5.035113,-5.624153,0.032000
305,Seating,5.030790,-5.592447,0.032000
306,Seating,5.026466,-5.560740,0.032000
307,Seating,5.022142,-5.529034,0.032000
308,Seating,5.017819,-5.497328,0.032000
309,Seating,5.013495,-5.465621,0.032000
310,Seating,5.009171,-5.433915,0.032000
311,Seating,5.004848,-5.402209,0.032000
312,Seating,5.000524,-5.370502,0.032000
313,Seating,4.996200,-5.338796,0.032000
314,Seating,4.991877,-5.307090,0.032000
315,Seating,4.987553,-5.275383,0.032000
316,Seating,4.983229,-5.243677,0.032000
317,Seating,4.978906,-5.211971,0.032000
318,Seating,4.974582,-5.180264,0.032000
319,Seating,4.970258,-5.148558,0.032000
320,Seating,4.965934,-5.116852,0.032000
321,Seating,4.961611,-5.085145,0.032000
322,Seating,4.957287,-5.053439,0.032000
323,Seating,4.952963,-5.021733,0.032000
324,Eating,4.950000,-5.000000,0.021934
325,Eating,4.950000,-5.000000,0.000000
326,Eating,4.950000,-5.000000,0.000000
327,Eating,4.950000,-5.000000,0.000000
328,Eating,4.950000,-5.000000,0.000000
329,Eating,4.950000,-5.000000,0.000000
330,Eating,4.950000,-5.000000,0.000000
331,Eating,4.950000,-5.000000,0.000000
332,Eating,4.950000,-5.000000,0.000000
333,Eating,4.950000,-5.000000,0.000000
334,Eating,4.950000,-5.000000,0.000000
335,Eating,4.950000,-5.000000,0.000000
336,Eating,4.950000,-5.000000,0.000000
337,Eating,4.950000,-5.000000,0.000000
338,Eating,4.950000,-5.000000,0.000000
339,Eating,4.950000,-5.000000,0.000000
340,Eating,4.950000,-5.000000,0.000000
341,Eating,4.950000,-5.000000,0.000000
342,Eating,4.950000,-5.000000,0.000000
343,Eating,4.950000,-5.000000,0.000000
344,Eating,4.950000,-5.000000,0.000000
345,Eating,4.950000,-5.000000,0.000000
346,Eating,4.950000,-5.000000,0.000000
347,Eating,4.950000,-5.000000,0.000000
348,Eating,4.950000,-5.000000,0.000000
349,Eating,4.950000,-5.000000,0.000000
350,Eating,4.950000,-5.000000,0.000000
351,Eating,4.950000,-5.000000,0.000000
352,Eating,4.950000,-5.000000,0.000000
353,Eating,4.950000,-5.000000,0.000000
354,Eating,4.950000,-5.000000,0.000000
355,Eating,4.950000,-5.000000,0.000000
356,Eating,4.950000,-5.000000,0.000000
357,Eating,4.950000,-5.000000,0.000000
358,Eating,4.950000,-5.000000,0.000000
359,Eating,4.950000,-5.000000,0.000000
360,Eating,4.950000,-5.000000,0.000000
361,Eating,4.950000,-5.000000,0.000000
362,Eating,4.950000,-5.000000,0.000000
363,Eating,4.950000,-5.000000,0.000000
364,Eating,4.950000,-5.000000,0.000000
365,Eating,4.950000,-5.000000,0.000000
366,Eating,4.950000,-5.000000,0.000000
367,Eating,4.950000,-5.000000,0.000000
368,Eating,4.950000,-5.000000,0.000000
369,Eating,4.950000,-5.000000,0.000000
370,Eating,4.950000,-5.000000,0.000000
371,Eating,4.950000,-5.000000,0.000000
372,Eating,4.950000,-5.000000,0.000000
373,Eating,4.950000,-5.000000,0.000000
374,Eating,4.950000,-5.000000,0.000000
375,Eating,4.950000,-5.000000,0.000000
376,Eating,4.950000,-5.000000,0.000000
377,Eating,4.950000,-5.000000,0.000000
378,Eating,4.950000,-5.000000,0.000000
379,Eating,4.950000,-5.000000,0.000000
380,Eating,4.950000,-5.000000,0.000000
381,Eating,4.950000,-5.000000,0.000000
382,Eating,4.950000,-5.000000,0.000000
383,Eating,4.950000,-5.000000,0.000000
384,Eating,4.950000,-5.000000,0.000000
385,Eating,4.950000,-5.000000,0.000000
386,Eating,4.950000,-5.000000,0.000000
387,Eating,4.950000,-5.000000,0.000000
388,Eating,4.950000,-5.000000,0.000000
389,Eating,4.950000,-5.000000,0.000000
390,Eating,4.950000,-5.000000,0.000000
391,Eating,4.950000,-5.000000,0.000000
392,Eating,4.950000,-5.000000,0.000000
393,Eating,4.950000,-5.000000,0.000000
394,Eating,4.950000,-5.000000,0.000000
395,Eating,4.950000,-5.000000,0.000000
396,Eating,4.950000,-5.000000,0.000000
397,Eating,4.950000,-5.000000,0.000000
398,Eating,4.950000,-5.000000,0.000000
399,Eating,4.950000,-5.000000,0.000000
400,Eating,4.950000,-5.000000,0.000000
401,Eating,4.950000,-5.000000,0.000000
402,Eating,4.950000,-5.000000,0.000000
403,Eating,4.950000,-5.000000,0.000000
404,Eating,4.950000,-5.000000,0.000000
405,Eating,4.950000,-5.000000,0.000000
406,Eating,4.950000,-5.000000,0.000000
407,Eating,4.950000,-5.000000,0.000000
408,Eating,4.950000,-5.000000,0.000000
409,Eating,4.950000,-5.000000,0.000000
410,Eating,4.950000,-5.000000,0.000000
411,Eating,4.950000,-5.000000,0.000000
412,Eating,4.950000,-5.000000,0.000000
413,Eating,4.950000,-5.000000,0.000000
414,Eating,4.950000,-5.000000,0.000000
415,Eating,4.950000,-5.000000,0.000000
416,Eating,4.950000,-5.000000,0.000000
417,Eating,4.950000,-5.000000,0.000000
418,Eating,4.950000,-5.000000,0.000000
419,Eating,4.950000,-5.000000,0.000000
420,Eating,4.950000,-5.000000,0.000000
421,Eating,4.950000,-5.000000,0.000000
422,Eating,4.950000,-5.000000,0.000000
423,Eating,4.950000,-5.000000,0.000000
424,Eating,4.950000,-5.000000,0.000000
425,Eating,4.950000,-5.000000,0.000000
426,Eating,4.950000,-5.000000,0.000000
427,Eating,4.950000,-5.000000,0.000000
428,Eating,4.950000,-5.000000,0.000000
429,Eating,4.950000,-5.000000,0.000000
430,Eating,4.950000,-5.000000,0.000000
431,Eating,4.950000,-5.000000,0.000000
432,Eating,4.950000,-5.000000,0.000000
433,Eating,4.950000,-5.000000,0.000000
434,Eating,4.950000,-5.000000,0.000000
435,Eating,4.950000,-5.000000,0.000000
436,Eating,4.950000,-5.000000,0.000000
437,Eating,4.950000,-5.000000,0.000000
438,Eating,4.950000,-5.000000,0.000000
439,Eating,4.950000,-5.000000,0.000000
440,Eating,4.950000,-5.000000,0.000000
441,Eating,4.950000,-5.000000,0.000000
442,Eating,4.950000,-5.000000,0.000000
443,Eating,4.950000,-5.000000,0.000000
444,Eating,4.950000,-5.000000,0.000000
445,Eating,4.950000,-5.000000,0.000000
446,Eating,4.950000,-5.000000,0.000000
447,Eating,4.950000,-5.000000,0.000000
448,Eating,4.950000,-5.000000,0.000000
449,Eating,4.950000,-5.000000,0.000000
450,Eating,4.950000,-5.000000,0.000000
451,Eating,4.950000,-5.000000,0.000000
452,Eating,4.950000,-5.000000,0.000000
453,Eating,4.950000,-5.000000,0.000000
454,Eating,4.950000,-5.000000,0.000000
455,Eating,4.950000,-5.000000,0.000000
456,Eating,4.950000,-5.000000,0.000000
457,Eating,4.950000,-5.000000,0.000000
458,Eating,4.950000,-5.000000,0.000000
459,Eating,4.950000,-5.000000,0.000000
460,Eating,4.950000,-5.000000,0.000000
461,Eating,4.950000,-5.000000,0.000000
462,Eating,4.950000,-5.000000,0.000000
463,Eating,4.950000,-5.000000,0.000000
464,Eating,4.950000,-5.000000,0.000000
465,Eating,4.950000,-5.000000,0.000000
466,Eating,4.950000,-5.000000,0.000000
467,Eating,4.950000,-5.000000,0.000000
468,Eating,4.950000,-5.000000,0.000000
469,Eating,4.950000,-5.000000,0.000000
470,Eating,4.950000,-5.000000,0.000000
471,Eating,4.950000,-5.000000,0.000000
472,Eating,4.950000,-5.000000,0.000000
473,Eating,4.950000,-5.000000,0.000000
474,Eating,4.950000,-5.000000,0.000000
475,Eating,4.950000,-5.000000,0.000000
476,Eating,4.950000,-5.000000,0.000000
477,Eating,4.950000,-5.000000,0.000000
478,Eating,4.950000,-5.000000,0.000000
479,Eating,4.950000,-5.000000,0.000000
480,Eating,4.950000,-5.000000,0.000000
481,Eating,4.950000,-5.000000,0.000000
482,Eating,4.950000,-5.000000,0.000000
483,Eating,4.950000,-5.000000,0.000000
484,Eating,4.950000,-5.000000,0.000000
485,Eating,4.950000,-5.000000,0.000000
486,Eating,4.950000,-5.000000,0.000000
487,Eating,4.950000,-5.000000,0.000000
488,Eating,4.950000,-5.000000,0.000000
489,Eating,4.950000,-5.000000,0.000000
490,Eating,4.950000,-5.000000,0.000000
491,Eating,4.950000,-5.000000,0.000000
492,Eating,4.950000,-5.000000,0.000000
493,Eating,4.950000,-5.000000,0.000000
494,Eating,4.950000,-5.000000,0.000000
495,Eating,4.950000,-5.000000,0.000000
496,Eating,4.950000,-5.000000,0.000000
497,Eating,4.950000,-5.000000,0.000000
498,Eating,4.950000,-5.000000,0.000000
499,Eating,4.950000,-5.000000,0.000000
500,Eating,4.950000,-5.000000,0.000000
501,Eating,4.950000,-5.000000,0.000000
502,Eating,4.950000,-5.000000,0.000000
503,Eating,4.950000,-5.000000,0.000000
504,LeavingSeat,4.951359,-5.009970,0.010062
505,LeavingSeat,4.955683,-5.041676,0.032000
506,LeavingSeat,4.960006,-5.073382,0.032000
507,LeavingSeat,4.964330,-5.105089,0.032000
508,LeavingSeat,4.968653,-5.136795,0.032000
509,LeavingSeat,4.972977,-5.168501,0.032000
510,LeavingSeat,4.977300,-5.200208,0.032000
511,LeavingSeat,4.981624,-5.231914,0.032000
512,LeavingSeat,4.985947,-5.263620,0.032000
513,LeavingSeat,4.990271,-5.295327,0.032000
514,LeavingSeat,4.994594,-5.327033,0.032000
515,LeavingSeat,4.998918,-5.358739,0.032000
516,LeavingSeat,5.003241,-5.390446,0.032000
517,LeavingSeat,5.007565,-5.422152,0.032000
518,LeavingSeat,5.011888,-5.453858,0.032000
519,LeavingSeat,5.016212,-5.485565,0.032000
520,LeavingSeat,5.020535,-5.517271,0.032000
521,LeavingSeat,5.024858,-5.548977,0.032000
522,LeavingSeat,5.029182,-5.580684,0.032000
523,LeavingSeat,5.033506,-5.612390,0.032000
524,LeavingSeat,5.037830,-5.644096,0.032000
525,LeavingSeat,5.042153,-5.675803,0.032000
526,LeavingSeat,5.046477,-5.707509,0.032000
527,LeavingSeat,5.050801,-5.739215,0.032000
528,LeavingSeat,5.055125,-5.770922,0.032000
529,LeavingSeat,5.059448,-5.802628,0.032000
530,LeavingSeat,5.063772,-5.834334,0.032000
531,LeavingSeat,5.068096,-5.866041,0.032000
532,LeavingSeat,5.072419,-5.897747,0.032000
533,LeavingSeat,5.076743,-5.929453,0.032000
534,LeavingSeat,5.081067,-5.961160,0.032000
535,LeavingSeat,5.085391,-5.992866,0.032000
536,LeavingSeat,5.089714,-6.024572,0.032000
537,LeavingSeat,5.094038,-6.056279,0.032000
538,LeavingSeat,5.098361,-6.087985,0.032000
539,Exiting,5.117874,-6.091312,0.019794
540,Exiting,5.146654,-6.077323,0.032000
541,Exiting,5.175434,-6.063334,0.032000
542,Exiting,5.204214,-6.049345,0.032000
543,Exiting,5.232995,-6.035356,0.032000
544,Exiting,5.223886,-6.030182,0.010475
545,Exiting,5.191887,-6.030335,0.032000
546,Exiting,5.159887,-6.030488,0.032000
547,Exiting,5.127888,-6.030641,0.032000
548,Exiting,5.095888,-6.030794,0.032000
549,Exiting,5.063889,-6.030947,0.032000
550,Exiting,5.031889,-6.031100,0.032000
551,Exiting,4.999889,-6.031253,0.032000
552,Exiting,4.967890,-6.031406,0.032000
553,Exiting,4.935890,-6.031559,0.032000
554,Exiting,4.903891,-6.031713,0.032000
555,Exiting,4.871891,-6.031866,0.032000
556,Exiting,4.839891,-6.032019,0.032000
557,Exiting,4.807892,-6.032172,0.032000
558,Exiting,4.775892,-6.032325,0.032000
559,Exiting,4.743893,-6.032478,0.032000
560,Exiting,4.711893,-6.032631,0.032000
561,Exiting,4.679893,-6.032784,0.032000
562,Exiting,4.647894,-6.032937,0.032000
563,Exiting,4.615894,-6.033090,0.032000
564,Exiting,4.583895,-6.033243,0.032000
565,Exiting,4.551895,-6.033396,0.032000
566,Exiting,4.519896,-6.033549,0.032000
567,Exiting,4.487896,-6.033702,0.032000
568,Exiting,4.455896,-6.033855,0.032000
569,Exiting,4.423897,-6.034009,0.032000
570,Exiting,4.391897,-6.034162,0.032000
571,Exiting,4.359898,-6.034315,0.032000
572,Exiting,4.327898,-6.034468,0.032000
573,Exiting,4.295898,-6.034621,0.032000
574,Exiting,4.263899,-6.034774,0.032000
575,Exiting,4.231899,-6.034927,0.032000
576,Exiting,4.199900,-6.035080,0.032000
577,Exiting,4.167900,-6.035233,0.032000
578,Exiting,4.135900,-6.035386,0.032000
579,Exiting,4.103901,-6.035539,0.032000
580,Exiting,4.071901,-6.035692,0.032000
581,Exiting,4.039902,-6.035845,0.032000
582,Exiting,4.007902,-6.035998,0.032000
583,Exiting,3.975903,-6.036151,0.032000
584,Exiting,3.943903,-6.036304,0.032000
585,Exiting,3.911903,-6.036458,0.032000
586,Exiting,3.879904,-6.036611,0.032000
587,Exiting,3.847904,-6.036764,0.032000
588,Exiting,3.815905,-6.036917,0.032000
589,Exiting,3.783905,-6.037070,0.032000
590,Exiting,3.751905,-6.037223,0.032000
591,Exiting,3.719906,-6.037376,0.032000
592,Exiting,3.687906,-6.037529,0.032000
593,Exiting,3.655907,-6.037682,0.032000
594,Exiting,3.623907,-6.037835,0.032000
595,Exiting,3.591908,-6.037988,0.032000
596,Exiting,3.559908,-6.038141,0.032000
597,Exiting,3.527908,-6.038294,0.032000
598,Exiting,3.495909,-6.038447,0.032000
599,Exiting,3.463909,-6.038600,0.032000
600,Exiting,3.431910,-6.038754,0.032000
601,Exiting,3.399910,-6.038907,0.032000
602,Exiting,3.367910,-6.039060,0.032000
603,Exiting,3.335911,-6.039213,0.032000
604,Exiting,3.303911,-6.039366,0.032000
605,Exiting,3.271912,-6.039519,0.032000
606,Exiting,3.239912,-6.039672,0.032000
607,Exiting,3.207912,-6.039825,0.032000
608,Exiting,3.175913,-6.039978,0.032000
609,Exiting,3.143913,-6.040131,0.032000
610,Exiting,3.111914,-6.040284,0.032000
611,Exiting,3.079914,-6.040437,0.032000
612,Exiting,3.047915,-6.040590,0.032000
613,Exiting,3.015915,-6.040743,0.032000
614,Exiting,2.983915,-6.040896,0.032000
615,Exiting,2.951916,-6.041049,0.032000
616,Exiting,2.919916,-6.041203,0.032000
617,Exiting,2.887917,-6.041356,0.032000
618,Exiting,2.855917,-6.041509,0.032000
619,Exiting,2.823917,-6.041662,0.032000
620,Exiting,2.791918,-6.041815,0.032000
621,Exiting,2.759918,-6.041968,0.032000
622,Exiting,2.727919,-6.042121,0.032000
623,Exiting,2.695919,-6.042274,0.032000
624,Exiting,2.663919,-6.042427,0.032000
625,Exiting,2.631920,-6.042580,0.032000
626,Exiting,2.599920,-6.042733,0.032000
627,Exiting,2.567921,-6.042886,0.032000
628,Exiting,2.535921,-6.043039,0.032000
629,Exiting,2.503922,-6.043192,0.032000
630,Exiting,2.471922,-6.043345,0.032000
631,Exiting,2.439922,-6.043499,0.032000
632,Exiting,2.407923,-6.043652,0.032000
633,Exiting,2.375923,-6.043805,0.032000
634,Exiting,2.343924,-6.043958,0.032000
635,Exiting,2.311924,-6.044111,0.032000
636,Exiting,2.279924,-6.044264,0.032000
637,Exiting,2.247925,-6.044417,0.032000
638,Exiting,2.215925,-6.044570,0.032000
639,Exiting,2.183926,-6.044723,0.032000
640,Exiting,2.151926,-6.044876,0.032000
641,Exiting,2.119926,-6.045029,0.032000
642,Exiting,2.087927,-6.045182,0.032000
643,Exiting,2.055927,-6.045335,0.032000
644,Exiting,2.023928,-6.045488,0.032000
645,Exiting,1.991928,-6.045641,0.032000
646,Exiting,1.959929,-6.045794,0.032000
647,Exiting,1.927929,-6.045948,0.032000
648,Exiting,1.895929,-6.046101,0.032000
649,Exiting,1.863930,-6.046254,0.032000
650,Exiting,1.831930,-6.046407,0.032000
651,Exiting,1.799931,-6.046560,0.032000
652,Exiting,1.767931,-6.046713,0.032000
653,Exiting,1.735931,-6.046866,0.032000
654,Exiting,1.703932,-6.047019,0.032000
655,Exiting,1.671932,-6.047172,0.032000
656,Exiting,1.639933,-6.047325,0.032000
657,Exiting,1.607933,-6.047478,0.032000
658,Exiting,1.575933,-6.047631,0.032000
659,Exiting,1.543934,-6.047784,0.032000
660,Exiting,1.511934,-6.047937,0.032000
661,Exiting,1.479935,-6.048090,0.032000
662,Exiting,1.447935,-6.048244,0.032000
663,Exiting,1.415936,-6.048397,0.032000
664,Exiting,1.383936,-6.048550,0.032000
665,Exiting,1.351936,-6.048703,0.032000
666,Exiting,1.319937,-6.048856,0.032000
667,Exiting,1.287937,-6.049009,0.032000
668,Exiting,1.255938,-6.049162,0.032000
669,Exiting,1.223938,-6.049314,0.032000
670,Exiting,1.191938,-6.049468,0.032000
671,Exiting,1.159939,-6.049620,0.032000
672,Exiting,1.127939,-6.049773,0.032000
673,Exiting,1.095940,-6.049926,0.032000
674,Exiting,1.063940,-6.050079,0.032000
675,Exiting,1.031940,-6.050231,0.032000
676,Exiting,0.999941,-6.050385,0.032000
677,Exiting,0.967941,-6.050537,0.032000
678,Exiting,0.935942,-6.050690,0.032000
679,Exiting,0.903942,-6.050843,0.032000
680,Exiting,0.871942,-6.050996,0.032000
681,Exiting,0.839943,-6.051148,0.032000
682,Exiting,0.807943,-6.051301,0.032000
683,Exiting,0.775943,-6.051454,0.032000
684,Exiting,0.743944,-6.051607,0.032000
685,Exiting,0.711944,-6.051760,0.032000
686,Exiting,0.679944,-6.051913,0.032000
687,Exiting,0.647945,-6.052065,0.032000
688,Exiting,0.615945,-6.052218,0.032000
689,Exiting,0.583945,-6.052371,0.032000
690,Exiting,0.551946,-6.052524,0.032000
691,Exiting,0.519974,-6.053747,0.031995
692,Exiting,0.488011,-6.055286,0.032000
693,Exiting,0.456049,-6.056825,0.032000
694,Exiting,0.424086,-6.058364,0.032000
695,Exiting,0.392204,-6.060736,0.031970
696,Exiting,0.360543,-6.065384,0.032000
697,Exiting,0.328882,-6.070032,0.032000
698,Exiting,0.297222,-6.074680,0.032000
699,Exiting,0.265635,-6.079688,0.031981
700,Exiting,0.234705,-6.087893,0.032000
701,Exiting,0.203775,-6.096099,0.032000
702,Exiting,0.172845,-6.104306,0.032000
703,Exiting,0.142215,-6.113402,0.031953
704,Exiting,0.112610,-6.125550,0.032000
705,Exiting,0.083005,-6.137697,0.032000
706,Exiting,0.053400,-6.149844,0.032000
707,Exiting,0.025004,-6.164420,0.031918
708,Exiting,-0.002534,-6.180718,0.032000
709,Exiting,-0.030073,-6.197017,0.032000
710,Exiting,-0.057301,-6.213757,0.031963
711,Exiting,-0.081977,-6.234131,0.032000
712,Exiting,-0.106652,-6.254505,0.032000
713,Exiting,-0.131327,-6.274880,0.032000
714,Exiting,-0.153454,-6.297883,0.031917
715,Exiting,-0.174574,-6.321924,0.032000
716,Exiting,-0.195694,-6.345964,0.032000
717,Exiting,-0.215515,-6.370977,0.031915
718,Exiting,-0.232649,-6.398004,0.032000
719,Exiting,-0.249782,-6.425030,0.032000
720,Exiting,-0.266916,-6.452057,0.032000
721,Exiting,-0.280580,-6.480945,0.031957
722,Exiting,-0.293627,-6.510164,0.032000
723,Exiting,-0.306675,-6.539383,0.032000
724,Exiting,-0.318912,-6.568903,0.031955
725,Exiting,-0.328060,-6.599567,0.032000
726,Exiting,-0.337209,-6.630232,0.032000
727,Exiting,-0.346357,-6.660896,0.032000
728,Exiting,-0.354330,-6.691840,0.031954
729,Exiting,-0.359944,-6.723344,0.032000
730,Exiting,-0.365559,-6.754848,0.032000
731,Exiting,-0.371174,-6.786351,0.032000
732,Exiting,-0.376273,-6.817921,0.031979
733,Exiting,-0.378789,-6.849822,0.032000
734,Exiting,-0.381306,-6.881722,0.032000
735,Exiting,-0.383823,-6.913623,0.032000
736,Exiting,-0.386339,-6.945524,0.032000
737,Exiting,-0.387939,-6.977478,0.031993
738,Exiting,-0.389071,-7.009458,0.032000
739,Exiting,-0.390204,-7.041438,0.032000
740,Exiting,-0.391336,-7.073418,0.032000
741,Exiting,-0.392468,-7.105398,0.032000
742,Exiting,-0.393600,-7.137378,0.032000
743,Exiting,-0.394732,-7.169358,0.032000
744,Exiting,-0.395864,-7.201338,0.032000
745,Exiting,-0.396997,-7.233318,0.032000
746,Exiting,-0.398129,-7.265298,0.032000
747,Exiting,-0.399261,-7.297278,0.032000
748,Exiting,-0.400393,-7.329258,0.032000
749,Exiting,-0.401525,-7.361238,0.032000
750,Exiting,-0.402657,-7.393218,0.032000
751,Exiting,-0.403790,-7.425198,0.032000
752,Exiting,-0.404922,-7.457178,0.032000
753,Exiting,-0.406054,-7.489158,0.032000
754,Exiting,-0.407186,-7.521138,0.032000
755,Exiting,-0.408318,-7.553118,0.032000
756,Exiting,-0.409450,-7.585098,0.032000
757,Exiting,-0.410582,-7.617078,0.032000
758,Exiting,-0.411715,-7.649058,0.032000
759,Exiting,-0.412847,-7.681038,0.032000
760,Exiting,-0.413979,-7.713018,0.032000
761,Exiting,-0.415111,-7.744998,0.032000
762,Exiting,-0.416243,-7.776978,0.032000
763,Exiting,-0.417375,-7.808959,0.032000
764,Exiting,-0.418508,-7.840939,0.032000
765,Exiting,-0.419640,-7.872919,0.032000
766,Exiting,-0.420772,-7.904899,0.032000
767,Exiting,-0.421904,-7.936879,0.032000
768,Exiting,-0.423036,-7.968859,0.032000
769,Exiting,-0.424168,-8.000838,0.032000
770,Exiting,-0.425301,-8.032818,0.032000
771,Exiting,-0.426433,-8.064797,0.032000
772,Exiting,-0.427565,-8.096777,0.032000
773,Exiting,-0.428697,-8.128757,0.032000
774,Exiting,-0.429829,-8.160736,0.032000
775,Exiting,-0.430961,-8.192716,0.032000
776,Exiting,-0.432094,-8.224695,0.032000
777,Exiting,-0.433226,-8.256675,0.032000
778,Exiting,-0.434358,-8.288654,0.032000
779,Exiting,-0.435490,-8.320634,0.032000
780,Exiting,-0.436622,-8.352613,0.032000
781,Exiting,-0.437754,-8.384593,0.032000
782,Exiting,-0.438886,-8.416573,0.032000
783,Exiting,-0.440019,-8.448552,0.032000
784,Exiting,-0.441151,-8.480532,0.032000
785,Exiting,-0.442283,-8.512511,0.032000
786,Exiting,-0.443415,-8.544491,0.032000
787,Exiting,-0.444547,-8.576470,0.032000
788,Exiting,-0.445679,-8.608450,0.032000
789,Exiting,-0.446812,-8.640429,0.032000
790,Exiting,-0.447944,-8.672409,0.032000
791,Exiting,-0.449076,-8.704389,0.032000
792,Exiting,-0.450208,-8.736368,0.032000
793,Exiting,-0.451340,-8.768348,0.032000
794,Exiting,-0.452472,-8.800327,0.032000
795,Exiting,-0.453604,-8.832307,0.032000
796,Exiting,-0.454737,-8.864286,0.032000
797,Exiting,-0.455869,-8.896266,0.032000
798,Exiting,-0.457001,-8.928246,0.032000
799,Exiting,-0.458133,-8.960225,0.032000
800,Exiting,-0.459265,-8.992205,0.032000
801,Exiting,-0.460397,-9.024184,0.032000
802,Exiting,-0.461529,-9.056164,0.032000
803,Exiting,-0.462661,-9.088143,0.032000
804,Exiting,-0.463794,-9.120123,0.032000
805,Exiting,-0.464926,-9.152102,0.032000
806,Exiting,-0.466058,-9.184082,0.032000
807,Exiting,-0.467190,-9.216062,0.032000
808,Exiting,-0.468322,-9.248041,0.032000
809,Exiting,-0.460334,-9.264875,0.018634
810,Exiting,-0.432597,-9.248916,0.032000
811,Exiting,-0.404861,-9.232956,0.032000
812,Exiting,-0.377125,-9.216996,0.032000
813,Exiting,-0.349389,-9.201036,0.032000
814,Exiting,-0.321652,-9.185077,0.032000
815,Exiting,-0.293916,-9.169117,0.032000
816,Exiting,-0.266180,-9.153158,0.032000
817,Exiting,-0.238444,-9.137198,0.032000
818,Exiting,-0.210707,-9.121240,0.032000
819,Exiting,-0.182971,-9.105280,0.032000
820,Exiting,-0.155235,-9.089321,0.032000
821,Exiting,-0.127498,-9.073361,0.032000
822,Exiting,-0.099762,-9.057403,0.032000
823,Exiting,-0.072026,-9.041443,0.032000
824,Exiting,-0.044289,-9.025484,0.032000
825,Exiting,-0.016553,-9.009524,0.032000
